I_EMP,N_EMP
EMP001,Andi Saputra
EMP002,Budi Kurniawan
EMP003,Citra Maharani
EMP004,Dedi Nugraha
EMP005,Eka Lestari
EMP006,Fajar Hidayat
EMP007,Gina Permana
EMP008,Hendra Santoso
EMP009,Indra Pratama
EMP010,Joko Wijaya
EMP011,Kartika Saputra
EMP012,Lina Kurniawan
EMP013,Maya Maharani
EMP014,Nanda Nugraha
EMP015,Oki Lestari
EMP016,Putri Hidayat
EMP017,Qori Permana
EMP018,Rina Santoso
EMP019,Satria Pratama
EMP020,Tika Wijaya
EMP021,Andi Saputra
EMP022,Budi Kurniawan
EMP023,Citra Maharani
EMP024,Dedi Nugraha
EMP025,Eka Lestari
EMP026,Fajar Hidayat
EMP027,Gina Permana
EMP028,Hendra Santoso
EMP029,Indra Pratama
EMP030,Joko Wijaya
EMP031,Kartika Saputra
EMP032,Lina Kurniawan
EMP033,Maya Maharani
EMP034,Nanda Nugraha
EMP035,Oki Lestari
EMP036,Putri Hidayat
EMP037,Qori Permana
EMP038,Rina Santoso
EMP039,Satria Pratama
EMP040,Tika Wijaya
EMP041,Andi Saputra
EMP042,Budi Kurniawan
EMP043,Citra Maharani
EMP044,Dedi Nugraha
EMP045,Eka Lestari
EMP046,Fajar Hidayat
EMP047,Gina Permana
EMP048,Hendra Santoso
EMP049,Indra Pratama
EMP050,Joko Wijaya
EMP051,Kartika Saputra
EMP052,Lina Kurniawan
EMP053,Maya Maharani
EMP054,Nanda Nugraha
EMP055,Oki Lestari
EMP056,Putri Hidayat
EMP057,Qori Permana
EMP058,Rina Santoso
EMP059,Satria Pratama
EMP060,Tika Wijaya
EMP061,Andi Saputra
EMP062,Budi Kurniawan
EMP063,Citra Maharani
EMP064,Dedi Nugraha
EMP065,Eka Lestari
EMP066,Fajar Hidayat
EMP067,Gina Permana
EMP068,Hendra Santoso
EMP069,Indra Pratama
EMP070,Joko Wijaya
EMP081,Kartika Saputra
EMP082,Lina Kurniawan
EMP083,Maya Maharani
EMP084,Nanda Nugraha
EMP085,Oki Lestari
EMP086,Putri Hidayat
EMP087,Qori Permana
EMP088,Rina Santoso
EMP089,Satria Pratama
EMP090,Tika Wijaya
EMP091,Andi Saputra
EMP092,Budi Kurniawan
EMP093,Citra Maharani
EMP094,Dedi Nugraha
EMP095,Eka Lestari
EMP096,Fajar Hidayat
EMP097,Gina Permana
EMP098,Hendra Santoso
EMP099,Indra Pratama
EMP100,Joko Wijaya
EMP101,Kartika Saputra
EMP102,Lina Kurniawan
EMP103,Maya Maharani
EMP104,Nanda Nugraha
EMP105,Oki Lestari
EMP106,Putri Hidayat
EMP107,Qori Permana
EMP108,Rina Santoso
EMP109,Satria Pratama
EMP110,Tika Wijaya
